headline,date
A Clinton Portfolio,11/18/1996
"As Compaq Slumbers, Apple Soars",07/26/1999
The Cube: Looks Aren't Everything,10/16/2000
The Temperamental Tao Of Steve,10/23/2000
Making Her Own Luck,11/20/2000
Computers And Chips,01/08/2001
Merrill Lynch Keeps Near Term Neutral Rating on Apple,01/10/2001
Earnings Expectations Lowered for UAL,01/18/2001
"After Big Loss, Apple Hopes to Regain Its Shine",01/18/2001
Apple's New Laptop Is a Peach,03/05/2001
"Commentary: Tech Investors: Get Ready for ""Armageddon""",04/09/2001
Court Okays MicroStrategy Settlement,04/19/2001
S&P Steers Ford up to 'Hold',04/19/2001
Palm's Market Starts to Melt in Its Hands,06/04/2001
Laptops of Luxury,11/12/2001
For Sale: Used Xerox Idea Machine,12/24/2001
"Finally, a No-Hassle, No-Strain Computer",02/11/2002
Entremed Shares Surge as Cancer Drug Gets FDA Nod,02/28/2002
"Moxi: Jazzy Product, Sizzling Start, Lots of Trouble",03/04/2002
Stocks End Lower,04/17/2002
Liberate Your Music from Its PC Prison,06/10/2002
Merrill Cuts Apple to 'Long Term Neutral',06/19/2002
IBM Just Clunked Up My Favorite Laptop,07/01/2002
Q&A: Stemming the Tide of Tech Trash,10/07/2002
Apple's Sweet-and-Sour Season,10/22/2002
What's a Microsoft Rival to Do Now?,11/18/2002
"IBM, Microsoft Top Targets",01/16/2003
Commentary: How to Milk an Apple,02/03/2003
Is Steve Jobs About to Move His Cheese?,02/10/2003
Lower Estimate for AOL Time Warner,04/21/2003
Wi-Fi Means Business,04/28/2003
Jabil Circuit Profit Drops,06/18/2003
Stocks Finish Solidly Higher,07/11/2003
Digital Homes,07/21/2003
The Ever-Growing Virus Crisis,08/26/2003
Nokia's Big Leap,10/13/2003
"EBay Meets Targets, but Warns on Full-Year Profit",10/16/2003
Consumers: Thanks for the Memory,10/28/2003
The Rise Of India,12/08/2003
Deck The Halls With High-Speed Access,12/08/2003
Stocks Finish Mixed,01/15/2004
Show Time!,02/02/2004
E-Tune Shopping,03/29/2004
A New World For Microsoft?,04/05/2004
S&P Says Accumulate Lowe's,04/15/2004
Executive Pay,04/19/2004
Reach Out And See Someone,05/10/2004
Is Info Tech All Washed Up?,05/24/2004
"Commentary: Rock On, iPod",06/07/2004
"Making Yourself ""Customer For A Day"" Is Just Common Sense",06/07/2004
Wanted: Systems Guru,07/05/2004
Microsoft's Worst Enemy: Success,07/07/2004
Stocks Finish Lower,07/14/2004
Commentary: Microsoft's Worst Enemy: Success,07/19/2004
Stronger Sales Are Powering Profits,07/23/2004
Earnings Get An Added Lift,08/02/2004
Selling the Souped-Up Chips,08/02/2004
A Spotlight on Gemstar and Pixar,08/04/2004
A Mentor On The Mend,08/16/2004
Leading Brands -- And Companies That Lead,09/06/2004
Bear Stearns Lowers Apple Computer Rating,09/09/2004
"Microsoft, The Entertainer?",09/13/2004
"Tapping Tech's ""Loony Tunes""",09/13/2004
Tech's Future,09/27/2004
Apple Is Looking Juicier,10/11/2004
An Old Hotbed With New Crops,10/11/2004
Apple Tops Estimates,10/13/2004
Why Bombay Has The Blues,11/01/2004
Whistling A Different iTune,11/08/2004
Assault On The iPod,11/08/2004
Thanksgiving '04's Turkeys and Pilgrims,11/24/2004
Banc of America Raises Apple Target,11/29/2004
Stocks Finish Mixed,11/29/2004
Consumer Electronics: Tech's Hit Machine,12/07/2004
Your Online Paperboy,12/20/2004
"Playing Music Is Enough, Fellas",12/20/2004
Elvis Is Alive -- in Britain,01/25/2005
Four Stocks Join `Red-Ink Resurrection Brigade': John Dorfman,01/27/2005
Apple: It May Be Too Late To Take A Bite,02/14/2005
Samsung Cranks Up the Volume,04/11/2005
S&P Keeps Hold on Apple,04/14/2005
The Softness in Software,04/15/2005
Tech's Gathering Gloom,04/18/2005
Blogs Will Change Your Business,05/02/2005
A Bad Case Of Pixar Envy,05/16/2005
Multimedia Phones,05/16/2005
S&P Keeps Hold on Apple,05/23/2005
Terry Semel: An Ear For Music,05/23/2005
"S&P Keeps IBM, Apple, Intel at Hold",06/06/2005
The 100 Best Small Companies,06/06/2005
S&P Keeps Buy on Teva Pharmaceutical,07/25/2005
Surviving the Ills of Design Fever,08/12/2005
Music To Apple's Ears,09/12/2005
Talent over Hype,10/24/2005
The Mad Man Of Wall Street,10/31/2005
Online Extra: How We Compiled Cramer's Report Card,10/31/2005
The Web Smart 50,11/21/2005
Online Extra: Six Best Web-Smart Practices,11/21/2005
Online Extra: How digg Uncovers the News,11/21/2005
"GM to Cut 30,000 Jobs By 2008",11/21/2005
"Sony's Escalating ""Spyware"" Fiasco",11/22/2005
I Hear A Symphony,12/05/2005
Stocks Finish Higher,12/06/2005
Help for Moguls Who Lost Their Gifts,12/22/2005
Hitting the Right Notes at Sony,01/09/2006
The Bug In Microsoft's Ear,02/06/2006
It's iMac On Steroids,02/13/2006
Stocks Finish Higher on Oil Skid,02/27/2006
Fixing Engineering's Gender Gap,03/14/2006
Stocks Fall as More Fed Hikes Loom,03/28/2006
A Printer to Make You Think Again,03/31/2006
"For Citi, ""No More Excuses""",04/03/2006
Adidas' World Cup Shutout,04/03/2006
How to Wow 'Em Like Steve Jobs,04/06/2006
Bear Stearns Keeps Apple at Outperform,04/06/2006
Stocks Surge on Fed Notes,04/18/2006
Intel Posts Lower Earnings,04/20/2006
Almost Ready For Prime Time,04/24/2006
A Window into Microsoft's Battle,04/24/2006
"Napster: New Tune, Same Chorus?",05/02/2006
"Hello, Mickey",05/04/2006
"Home Depot, Wal-Mart Post Higher Earnings",05/16/2006
Creative Technology Takes on Apple,05/17/2006
"For Apple, Good Things in Store",05/20/2006
"Apple and Nike, Running Mates",05/24/2006
Dell's Minimalist Stores,05/25/2006
Green: The Next Big Thing,05/29/2006
Online Extra: The Challenger's Bookshelf,05/29/2006
Why Academia Digs iTunes,06/05/2006
Apple Follows its Instincts Out of India,06/05/2006
StarTech's Budget-Friendly AirLink,06/10/2006
Stocks Tumble on Inflation Worries,06/12/2006
"Gates's Glorious, Qualified Legacy",06/16/2006
Bill Gates's Long Goodbye,06/16/2006
"Fujitsu's LifeBook, Heavy With Promise",06/23/2006
Betting on Blank Check IPOs,06/30/2006
"Apple, CA, Intuit Detail Option-Grant Issues",06/30/2006
Camp Samsung,07/03/2006
How to Build a 60-mph Oven,07/06/2006
Microsoft Singing Its Own iTune,07/07/2006
First Albany Lifts Atheros to Strong Buy,07/10/2006
MobiTV Lands a Cool $70 Million,07/13/2006
"Why Dell, Apple Declined",07/13/2006
"Mideast, Tech Worries Sink Stocks",07/13/2006
Stocks Tumble Amid a Sea of Troubles,07/14/2006
Counting on Yahoo! and Google,07/18/2006
"Stocks Rally on Bernanke, Profits",07/19/2006
The MySpace Ecosystem,07/25/2006
Notebooks Go High-End,07/26/2006
Flash Free-for-All?,08/01/2006
Back-to-School Stocks: BW's Honor Roll,08/02/2006
Stocks Slip Despite Mild Jobs Data,08/04/2006
Can Jobs presenting flair revive ,08/07/2006
Stocks Fall in Light Trading,08/11/2006
Brazilian Miner to Bid for Inco,08/11/2006
Seagate Is Hard-Driven,08/11/2006
Stocks to Sock Away,08/17/2006
Apple's Options Overdose,08/18/2006
Stocks End Lower after Five-Day Rally,08/21/2006
Dark Days at Dell,08/25/2006
S&P: Little Threat to Apple from AOL Music Now,08/30/2006
Stocks Inch Higher after GDP Revision,08/30/2006
The Battery Recall: A Win for the Web,08/30/2006
"DS Lite: Lighter, Brighter, Better",09/01/2006
MySpace's Musical End Run,09/03/2006
"Getting to ""Aha!""",09/04/2006
Dark Days At Dell,09/04/2006
Eternal Sunshine of the Spotless Drive,09/05/2006
S&P Downgrades Apple Shares,09/05/2006
Marketing to Kids Where They Live,09/11/2006
Apple's Power Failure,09/11/2006
Facebook: Opening the Doors Wider,09/12/2006
CEOs in the Sweet Spot,09/14/2006
iTV: Here's Our 2�,09/14/2006
JVC's Everio: User-Friendly Only in Hand,09/18/2006
Breaking Away from 'Over Loved' Stocks,09/22/2006
I Want My iTV,09/25/2006
More Vroom For The Buck,09/25/2006
Everything Old Is New Again,09/25/2006
Jajah's Mobile Ambitions,09/26/2006
With Online Friends Like These�,09/27/2006
Much Ado Over Podcasts,09/28/2006
Citigroup Pares Apple on Growth Concerns,10/02/2006
Dow Hits Third Straight Record Close,10/05/2006
Dynavax Jumps on Positive Report on Allergy Treatment,10/05/2006
S&P Keeps Buy on Apple,10/05/2006
Popular Mechanics Honors Innovation,10/07/2006
"Stocks Slip amid Alcoa Decline, NYC Plane Crash",10/11/2006
The Web According to Ballmer,10/11/2006
Earnings: Which Sectors Will Shine?,10/11/2006
The Apple Calendar Conundrum,10/12/2006
CEOs Feel the Heat,10/12/2006
Sony Shock,10/16/2006
High Hopes Abound for High Tech,10/16/2006
Options Watch,10/16/2006
Intel's AMD Troubles Continue,10/18/2006
Gabriel Re-Shocks the Monkey Online,10/18/2006
Another Music Phone? Yawn�,10/19/2006
Lower Forecast for Amazon.com,10/25/2006
Good News for Netflix,10/25/2006
"Apple, Tear Down This Wall",10/26/2006
What Comes After YouTube,10/30/2006
Canon's Very Capable HD Camcorder,11/03/2006
Holiday Hysteria: It's Coming,11/14/2006
Game Definitely Not Over,11/16/2006
Microsoft Plays A New Zune,11/20/2006
Housing Starts: Best and Worst Years,11/22/2006
Editor's Memo,11/27/2006
Mistakes Made On The Road To Innovation,11/27/2006
S&P Keeps Buy on Apple,11/28/2006
Stocks Get a Second Wind,11/28/2006
Palm Cuts Revenue Outlook,11/28/2006
20th-Century Designs Draw Collectors,12/14/2006
Bullish Analyst Calls Boost Apple Shares,12/14/2006
Why the Big Story Is Software,12/15/2006
Part 1: S&P's 2007 Tech Sector Outlook,12/22/2006
Travelers' Tech Takes Off,12/23/2006
Working The Numbers,12/25/2006
"Goodbye To Freebies, Hello To Freedom",12/25/2006
Mutual Funds: It's The Large Caps' Turn To Shine,12/25/2006
"A Sharp Dip, then Recovery, for Apple",12/27/2006
India: More Than Just Call Centers,12/27/2006
Samsung's Monster Monitor,12/27/2006
S&P Keeps Buy on Apple,12/28/2006
Steve Jobs Reportedly Got 7.5 Million of Unauthorized Options,12/28/2006
Marsh & McLennan Reportedly to Sell Putnam for $3.9 Billion,12/29/2006
Apple Clears Jobs; Questions Remain,12/29/2006
Options Watch,01/08/2007
Apple's Chinese Supply Lines,01/08/2007
Apple Sets the Design Standard,01/08/2007
"Stocks End Mixed amid Oil, Apple News",01/09/2007
Apple's iFuture Depends on Partners,01/09/2007
Smart TVs: The Race Is On,01/11/2007
Tech Earnings: The Highs and the Lows,01/16/2007
Much More Monitor for the Buck,01/16/2007
"John Edwards, the e-Candidate",01/22/2007
"Creative, But Gentle, Disrupter?",01/22/2007
Sony Ericsson Maxes the Mix,01/22/2007
Netflix Delivers Upbeat News,01/25/2007
Bill Gates' Vision for Vista,01/30/2007
The New Media MogulYou,01/31/2007
Nokia's New and Novel N800,02/01/2007
How Bob Iger Unchained Disney,02/05/2007
Juicing Up Home Networks,02/05/2007
Advertising Lessons from the Super Bowl,02/05/2007
The Apples Come Together,02/06/2007
The Innovation Backlash,02/12/2007
Intel Builds the Fastest Chip Ever,02/13/2007
A Totally Different Picture,02/19/2007
Wal-Mart Watch,02/19/2007
Steve Jobs Changes His Tune,02/19/2007
Satellite Static: The XM-Sirius Merger,02/22/2007
Outsourcing's Uneven Impact,02/22/2007
Satellite Radio Falls on Deaf Ears,02/22/2007
Wal-Mart Goes Abroad for Growth,02/22/2007
"Stocks End Mixed amid Oil, Rate Worries",02/22/2007
Apple and Cisco Resolve Trademark Dispute,02/22/2007
Indie Films Come to Handsets,02/23/2007
Apple to Delay Apple TV Shipment Until Mid-March,02/27/2007
What to Do with Apple's Cash,03/02/2007
How MP3 Was Born,03/05/2007
Toshiba's Not-So-Potent Portege,03/05/2007
Rebels with a Marketing Cause,03/08/2007
Sony Walkman Finally Gets the Picture,03/08/2007
Seven Solid Under-the-Radar Stocks,03/16/2007
All Eyes On The Net,03/19/2007
The Best Undergrad B-Schools,03/19/2007
Commentary: What To Do With Apple's Cash,03/19/2007
Gaming Goes Business Casual,03/22/2007
Canon's Hearty Workhorse,03/23/2007
Palm's Fortunes: Cloudy Again,03/23/2007
Big Media's Swipe at YouTube,03/23/2007
Close Harmony: Bands and Web 2.0,03/26/2007
Building a Super Cell Phone,03/26/2007
"Remember to Forget, Borrow, and Learn",03/28/2007
Is Greenpeace Off the Mark on Apple?,03/30/2007
Wal-Mart: 'On the Side of the Angels',03/30/2007
"S&P: Still Hold Google, Sell EchoStar",04/03/2007
Google's Revolution May Not Be Televised,04/04/2007
"Sony Reader: Good Condition, Some Flaws",04/04/2007
Look What's Cooking in Mozilla's Lab,04/05/2007
RadioShack's Inadequate Accurian,04/09/2007
A One-Stop Shop For Stock Chat,04/09/2007
S&P Cuts AMD Target Price,04/09/2007
Is Google Too Powerful?,04/09/2007
Commentary: Activist Investors Not Welcome,04/09/2007
Designing the Perfect Presentation,04/10/2007
EMI Moves to non-DRM Music. What's Next?,04/12/2007
Sony's Looking Up and Slimming Down,04/13/2007
GE Posts Higher Earnings,04/13/2007
iPhone: Harder to Build than Apple Thought,04/14/2007
Stocks End Higher amid Inflation Report,04/14/2007
Apple's Bumpy Day,04/16/2007
The Coming Virtual Web,04/16/2007
How Sweet It Is At Magna,04/16/2007
Investors Turn Thumbs Down on Netflix,04/18/2007
No Easy Remedy for Motorola,04/19/2007
Dow Jumps to New Record on Earnings,04/21/2007
Sony: Remade in the USA,04/26/2007
Dow Hits Record on Earnings,04/27/2007
Palm Software on the iPhone?,04/27/2007
A Better Wi-Fi Music Player,05/07/2007
Are Apple's Ads Pitch-Perfect?,05/14/2007
Taking the Pulse at Texas Instruments,05/15/2007
Stocks Up Despite China Meltdown,06/04/2007
Time to Prescribe Drugstore Stocks?,06/06/2007
Babelgum's Big Bet on Internet TV,06/12/2007
Pixar Purchase Pays Off for Disney,06/13/2007
Real Player's Streaming Video to Go,06/14/2007
A Webcam for Your Inner Anchorman,06/15/2007
S&P: Still Plenty of Shine on Apple,06/18/2007
A Coming Real Estate Crunch On The Net,06/18/2007
Backdating: Why Penalties Are Puny,06/18/2007
Putting Designers In The Driver's Seat,06/18/2007
Clayton Christensen's Innovation Brain,06/18/2007
Know When To Shift Gears,06/18/2007
Stocks End Modestly Lower,06/18/2007
"U.S. Stocks Decline, Led by Homebuilders; Lennar, Centex Drop",06/18/2007
"Movers: Alcoa, Apple, Wendy's, Genesco",06/19/2007
Google Takes YouTube Global,06/20/2007
The Falcon Has Landed,06/25/2007
Browser Battle Royal?,06/25/2007
"S&P Picks and Pans: Apple, AT&T, Dell, BCE",06/26/2007
"Q&A with Bruce ""Tog"" Tognazzini",06/27/2007
"Even After Apple, Designers Dig Jobs",06/27/2007
iPhone's Halo Effect,06/29/2007
What You Need to Know About CableCARDs,07/02/2007
"A Boon for Apple, a Chance for Rivals",07/02/2007
Stocks End Week in the Red,07/02/2007
"S&P Picks and Pans: Apple, GM, RIMM, 3Com",07/02/2007
Making the iPhone Better for Business,07/03/2007
S&P's Tech Survey: The LBO Pace Quickens,07/04/2007
Welcome To Planet Apple,07/09/2007
Google's Latest App: Postini,07/10/2007
Motorola's Zander: 'Out of Scapegoats',07/12/2007
"Dow Slumps in a Post-14,000 Hangover",07/23/2007
Making The iPhone Mean Business,07/23/2007
Owning the Ad,07/24/2007
The New Wireless Playing Field,07/25/2007
An Ugly Day for Stocks,07/27/2007
Why Nokia Is Leaving Moto in the Dust (Extended),07/30/2007
Rankings: A New Web Order,07/30/2007
"Movers: Beazer Homes, MasterCard, Bear Stearns",08/02/2007
Best Global Brands,08/06/2007
New Stock Option Fears in the Valley,08/08/2007
Qualcomm Fix Won't End Broadcom Brawl,08/08/2007
The Mouse That Soars,08/09/2007
What's Behind Apple's iWork?,08/09/2007
Tearing Down The Wireless Fortress,08/13/2007
Just Ahead: The Web As A Virtual World,08/13/2007
Wal-Mart's Earnings Warning,08/15/2007
Industrial Gases on the Rise,08/15/2007
Apple's iPhone Learning Curve,08/24/2007
"Used Cell Phone, Anyone?",08/24/2007
Oil Drillers: Well-Positioned for Gains,08/29/2007
Stocks: Another Wild Mood Swing,08/30/2007
Tech Stocks: A Summer of Love,08/30/2007
An Artist Asks: Mac or Windows?,08/31/2007
Making Digital Books Into Page Turners,09/03/2007
Trying Times for Transformers Toymaker,09/06/2007
Getting Inside Google's gPhone,09/06/2007
Back to School 2.0,09/06/2007
The Squeezebox's Seamless Stream,09/07/2007
"Movers: Beazer Homes, Hovnanian, KNBT Bancorp, Harley-Davidson",09/08/2007
Stocks Slammed on Dismal Jobs Report,09/10/2007
"Hurt A Hacker, Pay The Price?",09/10/2007
What? No Espresso Machine?,09/10/2007
"Movers: Apple, Intel, Countrywide Financial, CB Richard Ellis",09/10/2007
Apple Eyes the Wireless Auction,09/10/2007
"Movers: Amgen, Apple, Texas Instruments",09/13/2007
Google's gPhone Draws a Crowd,09/14/2007
Hewlett-Packard: Smartphone Central?,09/17/2007
Intel's in Hot Water in Europe,09/24/2007
Stocks Finish Mixed,09/26/2007
IBM's Office Rival,09/27/2007
Wal-Mart: A Snap Inspection,10/02/2007
Stocks: Is October Really That Scary?,10/03/2007
Gateway's New One Lacks Wow,10/04/2007
Time for a New Corporate Buying Spree?,10/04/2007
Putting the TV Viewer in Control,10/04/2007
Microsoft Taps Thompson to Run Zune,10/05/2007
Where Dell Sells With Brick And Mortar,10/08/2007
Skype Goes Mobile,10/18/2007
"MySpace to Open Up, Too",10/18/2007
Five Common Mistakes in Innovation,10/19/2007
"A tale of 2 high flyers, Apple and Schlumberger",10/22/2007
Intel's Paul Otellini Sounds Off,10/24/2007
In Search of a Google-Verizon Deal,11/01/2007
A Cautionary Tale for Old Media,11/05/2007
Little Disk: Storage Made Simple,11/07/2007
The iPhone Invades Europe,11/09/2007
"Microsoft Sales Are Up, and Gates Is Off",11/14/2007
"Sidekick LX: Nice, But Not High Speed",11/16/2007
Why the XM-Sirius Merger Makes Sense,11/16/2007
"Tim Wu, Freedom Fighter",11/19/2007
The Coming Wireless Wholesale Wave,11/26/2007
The Thorn in TI's Side,11/26/2007
Verizon Wireless' Grand Opening,11/29/2007
Juicy Perks at Apple,12/03/2007
Verizon's Venus Is a Beauty,12/07/2007
Home Theaters: Less Is More,12/08/2007
Smooth Sailing for Software Stocks,12/12/2007
Holiday Hits: Music Toys and Games,12/19/2007
Tech Sector Outlook 2008: Part 1,12/21/2007
"For Nokia, Excess is a Vertu",12/21/2007
"S&P Picks and Pans: News Corp., U.S. Steel, Sallie, Verigy",12/27/2007
A Little 'Intel' on Apple's Next Move,01/04/2008
Blu-ray's High-Definition Knockout,01/05/2008
So You Want to Publish That Novel,01/09/2008
The Va Va Vooming of Vending Machines,01/22/2008
"Buckeye, Ciena, CNH, JPMorgan, Peabody: U.S. Equity Movers",01/23/2008
DEMO 2008: What's Next in Tech,01/29/2008
Your Startup on a Shoestring,02/01/2008
The Call for Epochal Leadership,02/01/2008
S&P's Buffett Stock Screen,02/05/2008
"Idex, Martin Marietta, Powerwave, Vulcan: U.S. Equity Movers",02/05/2008
Stocks Finish Modestly Higher,02/11/2008
Omnifone Offers Operators a New Tune,02/12/2008
Lenovo's Reach for Laptop Perfection,02/28/2008
Samsung's Mobile Fashion Statement,03/05/2008
Fabrik's Sporty Portable Drive,03/07/2008
"After Le Divorce, Microsoft Eyes Blu-ray",03/11/2008
Are Handset Sales Set for a Fall?,03/13/2008
iPhone � The DS/PSP Killer?,03/25/2008
Calendar,03/27/2008
Can Sprint's WiMax Alliance Last?,03/27/2008
Samsung's Stylish Touch on Display,03/28/2008
Record Labels and MySpace Cut a Deal,04/03/2008
"U.S. Equity Movers: Blackbaud, National City, Patriot Coal",04/03/2008
Earnings: Will Tech Pull Through?,04/14/2008
Bypassing Carriers for Mobile Content,04/15/2008
How much surprise in Starbucks' surprise warning today?,04/23/2008
Nokia Starts Listening,04/24/2008
"S&P Picks and Pans: Apple, Motorola, Bristol-Myers, Wendy's, Pulte, Ford",04/24/2008
Raikes Will Run the Gates Foundation,05/13/2008
The Improbable Heroes of Toontown,05/15/2008
Retailers Pay Big for Prime Locales,05/17/2008
"Mobile Providers, Can You Hear Us Now?",05/21/2008
Wii Fit Puts the Fun in Fitness,05/21/2008
"Cheesecake Factory, Pacific Sunwear, Verigy: U.S. Equity Movers",05/23/2008
Welcome to the Weekend Web,05/29/2008
Why Failures Can Be Such Success Stories,05/30/2008
Chumby: A Cute but Challenged Device,06/03/2008
"Japan Stocks: CFS, Eisai, Mitsui O.S.K., Nestage, Softbank",06/05/2008
LG enV2: Below the iPhone Benchmark,06/13/2008
How Firefox Outran the Hounds,06/13/2008
When You Can't Advertise for Investors,06/23/2008
Behind Goldman's XM-Sirius Slam,06/24/2008
Garmin Gets on the Phone,06/26/2008
Brand-Name Stocks Under $10: Buyer Beware,07/02/2008
A Selection of Savvy China Plays,07/08/2008
Aping the iPhone App Store,07/11/2008
What's Hurting Tech Stocks,07/14/2008
Tearing Down the iPhone 3G,07/15/2008
How to Measure Innovation,07/16/2008
I Want My New iPhone!,07/17/2008
IDEA Design Trend: Elegance and Simplicity,07/17/2008
Berkeley-Haas Careers Q&A,07/18/2008
"Apple, Assured Guaranty, KeyCorp, Wachovia: U.S. Equity Preview",07/22/2008
"Movers: Apple, Wachovia, American Express, Texas Instruments, SanDisk",07/22/2008
The FCC Approves the XM-Sirius Merger,07/26/2008
Michael Dell: 'A Big Second Half',07/28/2008
Ford: A Toyota Vet to the Rescue,07/31/2008
Motorola's Big Quarterly Profit Surprise,08/01/2008
Marcial: Time to Ring Up Motorola?,08/06/2008
Dell vs. Apple: Why It May Be Personal,08/14/2008
Profiting from Social Gaming,08/15/2008
Four Ways to Improve a Presentation,08/15/2008
Retailers: Back-to-School Outlook,08/29/2008
MLs Real Competitive Advantage,08/29/2008
How Great Design Makes People Love Your Company,09/03/2008
HP's 'End Run' Around Windows,09/05/2008
BlueAnt's Helpful Talking Headset,09/09/2008
Gome Is Tops in China,09/10/2008
Google's Bruiser of a Browser,09/10/2008
BlackBerry vs. iPhone: RIM Takes It Up a Notch,09/11/2008
End Runs Around Vista,09/11/2008
How to Use Our New Business Exchange,09/11/2008
Can MySpace Save the Major Music Labels?,09/12/2008
Labels Hopeful About Unprotected Music Downloads,09/13/2008
Digital Content Wherever You Want It,09/15/2008
"From Medis, a Hot New Fuel Cell",09/18/2008
Wireless Companies Struggling with Data Demand,09/22/2008
SanDisk Launches Preloaded 'slotMusic' Cards,09/22/2008
Research In Motion's Costs Are on the Rise,09/26/2008
"Apple, Cal-Maine, Freeport-McMoRan, Nokia: U.S. Equity Movers",09/29/2008
"Analyst Actions: Apple, Thor Industries",09/29/2008
"Movers: Wachovia, Citigroup, Pilgrim's Pride, Apple",09/29/2008
Nokia Aims to Be No. 1 on the Mobile Web,10/02/2008
"As Tech Slips, Sun Could Stumble",10/02/2008
"S&P Picks and Pans: Apple, Intel, Boston Scientific, Rockwell Automation, Qwest, Allied Capital, CSG Systems",10/02/2008
"Targeting Apple, Nintendo Unveils Its Latest Device",10/02/2008
Apple's Brick: A Radical New Laptop?,10/07/2008
Why Hewlett-Packard Stock Looks Like Good Value,10/07/2008
"Verizon Wireless, RIM Unleash a Storm",10/08/2008
RIM's Impressive BlackBerry Storm,10/08/2008
Freegans and FreeCycling Gain Fans,10/09/2008
"Morgan Stanley, Qwest, Waste Management: U.S. Equity Movers",10/13/2008
"AIG, Apple, Infineon, Republic Services: U.S. Equity Preview",10/13/2008
"Apple, Morgan Stanley, Qwest, Tesoro, XL: U.S. Equity Movers",10/13/2008
"Apple, Coca-Cola, J.B. Hunt, National City: U.S. Equity Movers",10/14/2008
Apple's Laptop Lineup,10/16/2008
Radical Service Innovation,10/20/2008
Stocks Tumble amid Economic Fears,10/22/2008
"Analyst Actions: Apple, SanDisk, Broadcom",10/22/2008
The Hedge Fund Contagion,10/22/2008
Chills in the Valley,10/23/2008
Beats by Dr. Dre,10/29/2008
Sony Chases Apple's Magic,10/30/2008
Alcatel-Lucent: Verwaayen's Plan,10/30/2008
"Yes, Virginia, There Is a Recession",11/06/2008
"E-Commerce for Indians, on Their Cell Phones",12/04/2008
Apple Is Greener Than Greenpeace Says,12/08/2008
Amazon: Armed to Beat the Recession,12/09/2008
A Very Anxious Christmas for Toys 'R' Us,12/10/2008
Windows Mobile: What Microsoft Needs to Fix,12/11/2008
"Movers: Apple, Honda, Morgan Stanley, Adobe, Xilinx",12/17/2008
Seagate's FreeAgent Go: Brilliant Backup,12/18/2008
Stocks Finish with Losses,12/18/2008
Whatever Happened to Silicon Valley Innovation?,12/31/2008
Where Three Mutual Funds Are Finding Bargains,12/31/2008
Will This Bold Shakeup Save Dell?,01/01/2009
Steve's Health Report,01/08/2009
"AllScripts-Misys, IHS, Lennar, Vail Resorts: U.S. Equity Movers",01/09/2009
"S&P Picks and Pans: Bank of America, JPMorgan, Apple, Motorola, Autodesk",01/15/2009
Apple's Stock: How Big of a 'Jobs Premium'?,01/15/2009
Apple Succession Plan: Nobody's Business?,01/15/2009
Tax Policy Players,01/15/2009
Blogging About the Ailing Steve Jobs,01/16/2009
Our Health-Care System Needs a Bypass,01/17/2009
Nokia's Sales and Profits Plummet,01/22/2009
Social Networks Are the New Web Portals,01/22/2009
"Analyst Actions: Apple, eBay, Aflac",01/22/2009
Sony Ramps Up Its Reform Efforts,01/22/2009
"Aflac, BB&T, DryShips, Ebay, ITT, Microsoft: U.S. Equity Movers",01/22/2009
"Movers: Bank of America, Microsoft, Apple, eBay, Nokia, Aflac",01/22/2009
Microsoft Slams on the Brakes,01/23/2009
Intel Readies Push into Mobile Internet Devices,01/26/2009
Windows 7: A Sight for Sore Vista Users,01/28/2009
Is the Unique User an Endangered Species?,01/28/2009
Night of the Zombie Debtor,01/29/2009
Can Outsourcing Save Sony?,01/30/2009
Marcial: Acacia Research Finds Ways to Make Patents Pay,02/02/2009
Smartphones Set to Surge,02/03/2009
Where Motorola Blew It,02/03/2009
Stocks Finish with Gains,02/05/2009
Great Ideas Are Born at Small Outfits,02/05/2009
Ergen Could Be Serious About Sirius,02/13/2009
For Subscribers Only: Locking Up the News Sites,02/19/2009
"Movers: Hewlett-Packard, Apple, CVS, Whole Foods, Hormel",02/19/2009
The Battle of Mobile Software Apps,02/23/2009
Startups in a Downturn,02/23/2009
Michael Moritz: Lessons from a Long-Ball Hitter,02/25/2009
Mobile Gold Mine,02/26/2009
Selling Silly iPhone Apps in a Recession,02/27/2009
Investors Overlook Dell's Down Quarter,02/27/2009
TrialPay Can Help You Get Freebies Online,03/02/2009
Setting the iPhone Free from AT&T,03/04/2009
Boxee Brings Net-Based TV Just a Little Closer,03/04/2009
The Cobwebs in Sears' Corner Office,03/05/2009
Android Could Overtake iPhone by 2012,03/06/2009
EBay's Big Plans for PayPal,03/09/2009
How Low Can PC Prices Go?,03/11/2009
"Innovation: Singapore Is No. 1, Well Ahead of the U.S.",03/16/2009
Can Apple Keep a Shine on the iPhone?,03/17/2009
Ballmer: Microsoft Still Wants Yahoo,03/19/2009
Now Screening at Home: Warner Bros. Classic Movies,03/23/2009
Crisis Call: Is Sony Ericsson Heading for Divorce?,03/25/2009
Will Xobni Help BlackBerry Take On the iPhone?,03/25/2009
The Buffett Way: Time for a Rethink?,03/30/2009
RIM Signals Margin Squeeze Ending,04/03/2009
CEOs' Picks: Most Innovative Companies,04/09/2009
BusinessWeek Readers Have Their Say,04/09/2009
Wireless Carriers: Your New PC Retailer?,04/13/2009
The Fragile Flight of the Twitterlings,04/14/2009
BumpTop: Thinking Outside the Desktop,04/15/2009
Nokia: Signs of Stabilization?,04/15/2009
Soon TVs and PCs May Work Like the Wii,04/16/2009
The True Cost of Amazon's New Kindle,04/22/2009
"Meet Cisco, the Consumer Company",04/22/2009
Stocks Finish Higher,04/23/2009
Microsoft's Downbeat Outlook,04/23/2009
New Gear from Apple and Verizon Wireless?,04/27/2009
An Early Peek Under The Palm Pre's Hood,04/29/2009
iPhone Flirtation,04/30/2009
Motorola: Android Help on the Way,04/30/2009
What Disney-Hulu Means for Apple,05/01/2009
Companies Shed Initial Resistance to iPhone,05/04/2009
Strange Boardfellows,05/05/2009
Sprint: Glimmers of Progress,05/05/2009
Sony Sees a Second Year of Losses,05/14/2009
Smartphone Word Processing Has Arrived,05/20/2009
Analyst Picks and Pans: ,05/26/2009
"Marcial: Apple Shines, No Matter Who's in Charge",06/10/2009
New Portable PCs: Acer's Timeline vs. MSI's X-Slim,06/11/2009
Opera Unite: A New Way to Share,06/17/2009
RIM: Big Plans for the Second Half,06/19/2009
Touch Gives Desktop PCs New Life,06/24/2009
Microsoft Defends Its Empire,06/24/2009
Glastonbury Festival Meets Social Media,06/26/2009
Venture Capital Doesn't Need Government Help,06/28/2009
Getting NASA's Groove Back,07/09/2009
Chrome vs. Android,07/10/2009
Motorola Signs Up Verizon and T-Mobile,07/24/2009
How Wired Gadgets Encroach on Privacy,07/28/2009
Apple and Google: Another Step Apart,08/06/2009
Schmidt's Apple Gig: He Worked for Free,08/07/2009
Microsoft's Windows Mobile: Time to Hang Up?,08/10/2009
Why Apple Is More Valuable Than Google,08/12/2009
Tech Products for Kids Grow Up,08/13/2009
Samsung's Plan to Strengthen Its Weaknesses,08/13/2009
How to Discount (If You Insist),08/14/2009
Duh! RBC Analyst Says iPhone To Challenge Incumbents,08/18/2009
How a Tiny Startup Used Twitter to Find App Store Success,08/20/2009
"American Capital, Ariad, Morgan Stanley: U.S. Equity Preview",08/21/2009
12 Words You Can Never Say in the Office,08/25/2009
Toshiba's Nifty NB205 Netbook Stands Out,08/26/2009
Techland's Tentative Job Recovery,09/01/2009
A Riper BlackBerry,09/01/2009
"Analyst Picks and Pans: Apple, Danaher, Franklin Resources",09/03/2009
Going to Extremes to Build App Store Buzz,09/08/2009
"Analyst Picks and Pans: Nokia, Best Buy, Zions Bancorp",09/11/2009
Obama's Drive for Health Reform,09/12/2009
Putting America Back to Work,09/17/2009
Stocks Decline on Economic Concerns,09/24/2009
"Intel, Microsoft: Snapping Up Multicore Developers",09/28/2009
Apple iPhone: Can it Leap from Consumer to Corporate?,10/02/2009
Vonage: Smartphone Apps for International Calls,10/05/2009
Will Google's Wave Replace E-Mail--and Facebook?,10/05/2009
Uncovering Steve Jobs' Presentation Secrets,10/06/2009
Dean Kamen Reinvents Coke's Soda Fountain,10/07/2009
"""Finally, a Big Green Apple?"" (What's Next, Oct. 5, 2009)",10/08/2009
U.S. Chamber's Donohue Shrugs Off Defections,10/09/2009
Wal-Mart's Painful Lessons,10/13/2009
Apple: Finding Even More Uses for iTunes,10/13/2009
Wi-Fi Is About to Get a Whole Lot Easier,10/14/2009
Stocks Pull Back on Housing Data,10/20/2009
The Great Internet Buildout Is Spurring Mergers,10/23/2009
Can Windows 7 'Reset' Microsoft Shares Higher?,10/24/2009
"Flexible, Open-Source Telephony Resources",10/25/2009
Orange Reveals UK iPhone Pricing,11/03/2009
"Facing Disaster, Trustmark Launched a Renaissance",11/04/2009
Augmenting Reality,11/12/2009
"The Six Entrepreneurs You Meet in China, Part Two",11/19/2009
When Less Is Less,11/25/2009
Amazon Paces Holiday Tech Discount Drive,11/26/2009
Online Retailers: An Early Holiday Peak?,12/01/2009
Lessons from the Apple-Psystar Battle,12/02/2009
Microsoft and EU Settle Browser Case,12/16/2009
RIM May Feel Android Effect,12/17/2009
Can AT&T Tame the iHogs?,12/17/2009
Upping Your Value at Work,12/18/2009
LG Electronics Keeps Nam as Chief Executive,12/18/2009
"To Recruit the Best, Admit Weaknesses",12/29/2009
"See the CEO, Live on the Web: Scottevest's ScottTV",01/05/2010
"In GPS, Google Is Still a Little Lost",01/07/2010
Google Comes Calling,01/07/2010
Nvidia Says Tablets Showcase Its Chip Prowess,01/09/2010
Apple's Tablet: App Makers Target Business Use,01/27/2010
Stan Lee: Purveyor of Wonder,01/29/2010
Investing: Finding the Next iPod,01/29/2010
Tata Nano: Not Just a Car but Also a Platform,01/29/2010
The Value of Design,02/01/2010
Stocks: What Happened to the Tech Rally?,02/02/2010
How to Redesign Health Care,02/02/2010
"Wal-Mart, Target Put Squeeze on Redbox",02/03/2010
Addressing the Dearth of Female Entrepreneurs,02/04/2010
India's 3G Auctions: Why Companies Are Fearful,02/04/2010
Insourcing and Outsourcing: the Right Mix,02/05/2010
Lenovo's Top-Notch T410,02/09/2010
Palm's Pre Plus: Your Pocket's a Hot Spot,02/11/2010
FCC May Pay Broadcasters for Airwaves,02/11/2010
Renaissance Technologies Largest Holdings in 4th Qtr: 13F Alert,02/12/2010
Working with China's Generation Y,02/16/2010
Maverick Capital Largest Holdings in 4th Quarter: 13F Alert,02/16/2010
When Should You Innovate Your Business Model?,02/17/2010
"Stock Picks: Dell, Whole Foods, Coinstar, ValueClick",02/17/2010
Apple's iPad: No Fun for Small Biz,02/18/2010
Canon's Cantankerous All-in-One Printer,02/18/2010
Korean Tech Is Losing Its Cool,02/18/2010
'Good' Beats 'Innovative' Nearly Every Time,02/22/2010
Facebook Tests a Payment Service for Virtual Goods,02/25/2010
Apple May Put iPhone OS on Other Devices,02/25/2010
The Road to Reinvention,02/25/2010
The iPad Accessory Frenzy Begins,02/26/2010
"Apple, Amazon, Google Wage Content Wars",03/08/2010
"Stock Picks: Apple, Intel, Aetna, H&R Block",03/09/2010
When IT Security Advice Goes Overboard,03/09/2010
"Picks of the Week: Apple, CA, Chevron, Intel, Nike",03/12/2010
The Perils of Market Research,03/12/2010
Corporate Recruiters Warm to European MBAs,03/17/2010
"Nokia's Kallasvuo: We Must ""Move Even Faster""",03/17/2010
Weaving Creative Careers into an MBA Mix,03/17/2010
Apple Swears iPad Partners to Secrecy,03/19/2010
Nuance Wins Big After Risky Bet on Voice Recognition,03/22/2010
Startups at DEMO Target Web-Connected TV,03/23/2010
China: Closing for Business?,03/25/2010
"Stock Picks: Accenture, Apple, Oracle, Qualcomm",03/26/2010
Open Innovation's Challenge: Letting Go Is Hard To Do,04/01/2010
AT&T May Find Apple iPad Strains Network More Than Expected,04/01/2010
Netbook Sales Sag as the iPad Arrives,04/02/2010
Tech Entrepreneur Peter Gabriel Knows What You Want,04/08/2010
The 50 Most Innovative Companies,04/15/2010
Executive Summary,04/15/2010
Stocks: Time to Consider the Defensive Option,04/19/2010
Mobile 'Superapps' Are the New Web Sites,04/20/2010
"Apple, Gilead Sciences, Synovus, Yahoo!: U.S. Equity Preview",04/20/2010
Consumer Electronics Makers Think Thin,04/22/2010
A Wobbly Global Debut for Apple's iPad,04/22/2010
New Legal Protections for Social Entrepreneurs,04/23/2010
Ford Finds Its Cool Selling the Hot Fiesta,04/27/2010
Tech Sector Slashed Jobs in 2009,04/28/2010
Innovator: Omar Hamoui,04/29/2010
Spreading: Swype's Touchscreen Keyboard Technology,05/03/2010
Why Apple May Include AMD's Chips in Its Lineup,05/05/2010
"Stock Picks: AIG, Apple, AutoZone, Las Vegas Sands",06/01/2010
"Stock Picks: Cree, Google, Microsoft, New York & Co.",06/08/2010
The Next Sparks for the Economy Could Surprise Us,06/09/2010
E-Book Readers Bomb on College Campuses,06/10/2010
Commentary: The Last Pitchman,06/10/2010
Stock Funds Hit a Rough Patch,06/10/2010
50 Top Performers,06/17/2010
Google's Android Gains on Apple iOS,06/23/2010
"As Mobile Shopping Takes Off, eBay Is an Early Winner",06/24/2010
Hard Choices: Ian Schrager,06/24/2010
Turning the iPhone Glitch into Gold,07/01/2010
Redesigning the Health-Care System,07/07/2010
"Stock Picks: Amazon.com, Goldman Sachs, IBM",07/20/2010
Who's Afraid of Steve Jobs?,07/22/2010
Antennas: Jobs Was Right. They're Still a Challenge,07/22/2010
"Steve Jobs, Apple Get a Vote of Confidence After 'Antenna-gate'",07/22/2010
Fits and Starts for Startup Flipboard,07/29/2010
ISuppli: HTC's Droid Incredible Costs $163 to Make,07/29/2010
Put Your Feet Up and Innovate,08/03/2010
The PowerPoint Balancing Act,08/03/2010
Why HP Can't Cut Its Way to Growth,08/12/2010
GLG Partners Largest Holdings in 2nd Quarter: 13F Alert,08/13/2010
"Use the ""10-40 Rule"" to Improve Your Presentations",08/17/2010
"AT&T, Angie's List Take Cues from Groupon",08/18/2010
Is Freescale Going From RIP to IPO?,08/26/2010
Apple's Pricing Decoys,09/01/2010
"Stock Picks: Apple, Cisco, Zumiez",09/02/2010
Companies in Brief,09/02/2010
Don't Rule Out Apple Ruling Your Living Room,09/02/2010
Why Ping Is the Future of Social Commerce,09/03/2010
Ex-Googler Lee Backs China Companies to Foster Startup Culture,09/03/2010
Web Impostors May Face Prison in California,09/07/2010
Review: Apple's iPod Updates,09/08/2010
The Big Trend in Small Social Sites,09/09/2010
The Man Who Makes Your iPhone,09/09/2010
Why Nokia Chose Stephen Elop,09/13/2010
Samsung's Camera Offensive Against Apple,09/16/2010
Reviewing the New iPods,09/16/2010
How Nokia Fell from Grace,09/16/2010
Diddybeats Gets the Bass (And Lots Else) Right,09/17/2010
RIM's PlayBook Runs Onto a Crowded Field,09/30/2010
Apple TV Parts May Cost Less Than $64,10/05/2010
Hitachi's Recession-Era Entry into LED TVs,10/13/2010
Pandora's Next Frontier: Your Wheels,10/14/2010
"Goldman, Heinz, NYT, Johnson & Johnson: U.S. Equity Preview",10/19/2010
Tech Companies See Dearth of Mobile-Software Developers,10/21/2010
Will the Antivirus Industry Survive the Cloud?,10/22/2010
"Bridgestone, KDDI, NEC, Shionogi, Toyota: Japan Equity Preview",10/24/2010
Android Payments Snarl Spurs Upstarts,10/25/2010
A Former No-Name from Taiwan Builds a Global Brand,10/28/2010
The Race to Erase Debt,11/08/2010
Zweig Dimenna Partners Largest Holdings in 3rd Qtr: 13F Alert,11/10/2010
Leadership Skills for Driving Innovation,11/19/2010
When the iPad Is the Only Computer Your Employees Need�or Want,11/30/2010
CEOs Don't Need an MBA to Get Rich,12/02/2010
He Puts the Soda in Pop Songs,12/02/2010
Michael Glimcher: Musings of a REIT Maven,12/06/2010
"Tech Sector Adds 47,000 Jobs So Far in 2010",12/08/2010
S&P 500 Companies With Weekly Estimate Revisions,12/09/2010
Apple's Quiet Pitch to Businesses,12/09/2010
Charlie Rose Talks to David Einhorn,12/09/2010
"For B-Schools, Jobs Should Be Job One",12/13/2010
Tencent Trumps Apple in Tech-Growth Ranking,12/14/2010
"Lam Research, Other Chip-Equipment Makers Lead Tech Rebound",12/14/2010
"RIM Looks to Distant Shores, Tablets for Growth",12/20/2010
The 12 Apples of Christmas,12/29/2010
The Perils of the Prediction Game,12/31/2010
"If an App Is Your Content Strategy, You Are Doomed",01/03/2011
Surround Sound for the Earbud Generation,01/06/2011
Jerry Jordan's Stock Picks,01/20/2011
H-1B Visas: A Modest Proposal for Immigration Reform,01/20/2011
"Nippon Steel, Shinsei, Softbank, Sony: Japan Equity Preview",02/03/2011
Instagram: Picture a New Breed of Startup,02/03/2011
Davos: It's Bono and Bonus as Usual,02/03/2011
Edgewood Management Largest Holdings in 4th Qtr: 13F Alert,02/09/2011
"In Cramped Japan, the iPad Is the Home Library",02/10/2011
Using War Games to Test the Future,02/11/2011
Renaissance Technologies Largest Holdings in 4th Qtr: 13F Alert,02/11/2011
Fortis Investments Mgmt Largest Holdings in 4th Qtr: 13F Alert,02/15/2011
Maverick Capital Largest Holdings in 4th Quarter: 13F Alert,02/15/2011
Lone Pine Capital Largest Holdings in 4th Quarter: 13F Alert,02/15/2011
U.S. Stock Options With Biggest Changes in Implied Volatility,03/04/2011
"Now, a Weak Link in the Global Supply Chain",03/17/2011
Smart Play for Workers and Customers,04/04/2011
Obama Fires Up His Campaign Cash Machine,04/21/2011
Educational Tech Gets a Second Look,04/21/2011
Data Centers Beneath America's Surface,05/03/2011
A Graduation Gift for College Seniors: Jobs,05/05/2011
The Cool Hand Steering Norway's Billions,05/05/2011
Dream Jobs: College Students Make Their Picks,05/12/2011
Briefs,05/12/2011
Sony: The Company That Kicked the Hornet's Nest,05/12/2011
Online Privacy: Can the U.S. Get Its Act Together?,05/12/2011
Google's Greatest Hits and Misses,05/13/2011
Afton Capital Mgmt LLC Holdings in 1st Quarter: 13F Alert,05/13/2011
Maverick Capital Ltd Holdings in 1st Quarter: 13F Alert,05/16/2011
Vinik Asset Mgmt Holdings in 1st Quarter: 13F Alert,05/16/2011
Third Point LLC Holdings in 1st Quarter: 13F Alert,05/16/2011
Synchronize.tv Wants the News Tickerand Commercialsoff Your TV,05/18/2011
Apple Alumni Don't Fall Far from the Tree,05/19/2011
Red Bull's Billionaire Maniac,05/19/2011
"ARM, Glencore, Rio Tinto, Vedanta: U.K., Irish Equity Preview",05/30/2011
"ARM Holdings, Fimalac, Glencore, Sage: Europe Equity Preview",05/30/2011
SRI: Silicon Valley's Old School Incubator,05/31/2011
Kinect Hacks Are Serious Business,06/07/2011
Chrome: Google's Other Operating System Debuts,06/09/2011
Inkling Publishes Textbooks for iPads,06/09/2011
"MBA Jobs: Post-Crisis, a Brave New World",06/16/2011
Briefs,06/16/2011
The Real U.S. Fiscal Crisis Is Joblessness,06/21/2011
"Apollo, Darden, Dendreon, Eastman Kodak: U.S. Equity Preview",06/30/2011
"U.S. Companies Reporting Positive EPS Surprises, July 19",07/19/2011
Essex Investment Mgmt Holdings in 2nd Qtr: 13F Alert,08/10/2011
First Quadrant LP Holdings in 2nd Quarter: 13F Alert,08/11/2011
Davidson Kempner Holdings in 2nd Quarter: 13F Alert,08/12/2011
Maverick Capital Ltd Holdings in 2nd Quarter: 13F Alert,08/15/2011
Lone Pine Capital Holdings in 2nd Quarter: 13F Alert,08/15/2011
Apple's Greatest Hits and Misses,08/25/2011
"Apple, DaVita, Parkway Properties: U.S. Equity Preview",09/02/2011
"Apple, AT&T, Motorola, Netflix, Qualcomm: U.S. Equity Preview",09/05/2011
Acorn Media Beats Hollywood by Streaming Drama for Boomers,09/20/2011
"Apple, Comtech, Progress, Time Warner Cable: U.S. Equity Preview",09/27/2011
U.S. Companies Reporting Earnings on Oct. 18,10/18/2011
"U.S. Companies Reporting Negative EPS Surprises, Oct. 18",10/18/2011
CalPERS Holdings in 3rd Quarter: 13F Alert,11/08/2011
Edgewood Management Holdings in 3rd Quarter: 13F Alert,11/08/2011
Zweig Dimenna Partners Holdings in 3rd Quarter: 13F Alert,11/10/2011
Davidson Kempner Holdings in 3rd Quarter: 13F Alert,11/14/2011
Chesapeake Partners Management Holdings in 3rd Quarter: 13F,11/14/2011
T2 Partners Management Holdings in 3rd Quarter: 13F Alert,11/14/2011
OZ Management Holdings in 3rd Quarter: 13F Alert,11/14/2011
"Japanese Stocks: Elpida, Fanuc, Hitachi Chemical, Mazda, Sumco",01/19/2012
Implied Stock-Price Moves for U.S. Companies Reporting Results,01/23/2012
U.S. Companies Reporting Earnings on Jan. 25,01/25/2012
"U.S. Companies Reporting Positive EPS Surprises, Jan. 25",01/25/2012
"S&P 500 Stocks With Biggest Gap Between Market Price, Estimate",01/27/2012
"Apple, Citigroup, MetLife, Zynga: U.S. Equity Preview",03/14/2012
Titanic II and Other Epic Chinese Knockoffs,05/02/2012
Indicated Dividend Yield Ranking for the S&P 500 by Industry,11/06/2012
Karsch Capital Management Holdings in 3rd Quarter: 13F Alert,11/14/2012
"S&P 500 Stocks With Biggest Gap Between Market Price, Estimate",02/01/2013
S&P 500 Stocks Biggest Weekly Changes in Target Price,03/15/2013
Apple: During the Course of Failure,04/17/2013
"Where to Find Big Corporate Cash ""Giveaways""",05/02/2014
Live Blog: Apple iPad Event,10/16/2014
"Bloomberg�s Sweeney, Butler on TWTR and ",10/27/2015
Here's What Wall Street Is Saying About Apple's Earnings Report,07/27/2016
Has Apple Finally Made a Dud iPhone?,09/29/2017
